[
  {
    "id": "brassworksmissions:break_block",
    "weight": 4,
    "titles": [
      "Block Buster",
      "Ground Breaker",
      "Terrain Tamer",
      "Excavator",
      "Demolition Duty",
      "Material Collector",
      "Surface Scraper",
      "Block by Block",
      "Earth Shaper",
      "The Breaker"
    ],
    "requirement": {
      "requirementType": "block",
      "item": [
        "minecraft:sand",
        "minecraft:gravel",
        "minecraft:dirt",
        "minecraft:grass_block",
        "minecraft:clay",
        "minecraft:snow_block",
        "minecraft:hay_block",
        "minecraft:moss_block",
        "minecraft:melon",
        "minecraft:pumpkin"
      ],
      "minAmount": 32,
      "maxAmount": 64
    },
    "reward": {
      "minAmount": 5,
      "maxAmount": 12
    }
  },
  {
    "id": "brassworksmissions:reach_experience_level",
    "weight": 4,
    "titles": [
      "Level Up!",
      "Experienced Adventurer",
      "Knowledge Seeker"
    ],
    "requirement": {
      "requirementType": "level",
      "item": "create:experience_nugget",
      "minAmount": 10,
      "maxAmount": 96
    },
    "reward": {
      "minAmount": 5,
      "maxAmount": 14
    }
  },
  {
    "id": "brassworksmissions:use_totem",
    "weight": 4,
    "titles": [
      "Death Defier",
      "Cheating Fate",
      "Undying Loyalty"
    ],
    "requirement": {
      "requirementType": "count",
      "item": "minecraft:totem_of_undying",
      "minAmount": 1,
      "maxAmount": 1
    },
    "reward": {
      "minAmount": 8,
      "maxAmount": 16
    }
  },
  {
    "id": "brassworksmissions:fish_item",
    "weight": 4,
    "titles": [
      "Master Angler",
      "Gone Fishin'",
      "Seafood Supper",
      "Hook, Line, and Sinker",
      "Ocean’s Bounty",
      "Catch of the Day",
      "Reel Expert",
      "River Raider",
      "Fishing Frenzy",
      "The Big Catch"
    ],
    "requirement": {
      "requirementType": "item",
      "item": [
        "minecraft:cod",
        "minecraft:salmon",
        "minecraft:tropical_fish",
        "minecraft:pufferfish"
      ],
      "minAmount": 10,
      "maxAmount": 20
    },
    "reward": {
      "minAmount": 1,
      "maxAmount": 4
    }
  },
  {
    "id": "brassworksmissions:craft_item",
    "weight": 4,
    "titles": [
      "Master Crafter",
      "Artisan's Request",
      "Workshop Order",
      "Crafting Challenge",
      "Tool Time",
      "Maker's Mission",
      "Assembly Required",
      "Build & Deliver",
      "Handiwork Hero",
      "The Artisan"
    ],
    "requirement": {
      "requirementType": "item",
      "item": [
        "minecraft:diamond_pickaxe",
        "minecraft:iron_pickaxe",
        "minecraft:wooden_pickaxe",
        "minecraft:stone_pickaxe",
        "minecraft:golden_pickaxe",
        "minecraft:diamond_sword",
        "minecraft:iron_sword",
        "minecraft:bow",
        "minecraft:fishing_rod",
        "minecraft:shield"
      ],
      "minAmount": 1,
      "maxAmount": 1
    },
    "reward": {
      "minAmount": 8,
      "maxAmount": 12
    }
  },
  {
    "id": "brassworksmissions:kill_entity",
    "weight": 4,
    "titles": [
      "Monster Hunter",
      "Pest Control",
      "Undead Eradicator",
      "Slayer of Beasts",
      "Creature Exterminator",
      "The Hunt",
      "Dangerous Encounters",
      "Entity Eliminator",
      "Fearless Fighter",
      "Vanquisher"
    ],
    "requirement": {
      "requirementType": "entity",
      "item": [
        "minecraft:zombie_spawn_egg",
        "minecraft:skeleton_spawn_egg",
        "minecraft:spider_spawn_egg",
        "minecraft:creeper_spawn_egg",
        "minecraft:enderman_spawn_egg",
        "minecraft:cow_spawn_egg",
        "minecraft:pig_spawn_egg",
        "minecraft:sheep_spawn_egg",
        "minecraft:chicken_spawn_egg",
        "minecraft:villager_spawn_egg"
      ],
      "minAmount": 8,
      "maxAmount": 30
    },
    "reward": {
      "minAmount": 6,
      "maxAmount": 16
    }
  },
  {
    "id": "brassworksmissions:breed_animals",
    "weight": 4,
    "titles": [
      "Animal Husbandry",
      "Rancher's Roundup",
      "Farm Expansion",
      "Breeder's Task",
      "Barnyard Business",
      "Livestock Leader",
      "Creature Caretaker",
      "Pasture Patrol",
      "The Breeding Grounds",
      "Fertile Fields"
    ],
    "requirement": {
      "requirementType": "entity",
      "item": [
        "minecraft:cow_spawn_egg",
        "minecraft:sheep_spawn_egg",
        "minecraft:pig_spawn_egg",
        "minecraft:chicken_spawn_egg",
        "minecraft:horse_spawn_egg",
        "minecraft:rabbit_spawn_egg",
        "minecraft:fox_spawn_egg",
        "minecraft:mooshroom_spawn_egg",
        "minecraft:bee_spawn_egg",
        "minecraft:sniffer_spawn_egg"
      ],
      "minAmount": 3,
      "maxAmount": 7
    },
    "reward": {
      "minAmount": 16,
      "maxAmount": 32
    }
  },
  {
    "id": "brassworksmissions:consume_item",
    "weight": 4,
    "titles": [
      "Gourmet",
      "Hearty Eater",
      "Bottomless Stomach",
      "Feast for All",
      "Epicurean Adventure",
      "Snack Attack",
      "Culinary Quest",
      "The Hungry Hero",
      "Bite by Bite",
      "Devourer"
    ],
    "requirement": {
      "requirementType": "item",
      "item": [
        "minecraft:golden_apple",
        "minecraft:apple",
        "minecraft:bread",
        "minecraft:cooked_beef",
        "minecraft:cooked_chicken",
        "minecraft:cooked_porkchop",
        "minecraft:cooked_mutton",
        "minecraft:cooked_cod",
        "minecraft:cooked_salmon",
        "minecraft:carrot",
        "minecraft:potato",
        "minecraft:baked_potato",
        "minecraft:beetroot",
        "minecraft:beetroot_soup",
        "minecraft:pumpkin_pie",
        "minecraft:cookie",
        "minecraft:melon_slice"
      ],
      "minAmount": 5,
      "maxAmount": 10
    },
    "reward": {
      "minAmount": 3,
      "maxAmount": 7
    }
  },
  {
    "id": "brassworksmissions:mix_item",
    "weight": 4,
    "titles": [
      "Alloy Architect",
      "Master Mixer",
      "Brass Bonanza",
      "Mechanical Mixer",
      "Industrial Innovator",
      "Compound Creator",
      "Forge & Mix",
      "Gearhead's Task",
      "Machine Mastery",
      "The Alchemist"
    ],
    "requirement": {
      "requirementType": "item",
      "item": ["create:brass_ingot", "create:pulp", "create:andesite_alloy", "minecraft:mud", "create:dough"],
      "minAmount": 32,
      "maxAmount": 64
    },
    "reward": {
      "minAmount": 4,
      "maxAmount": 8
    }
  },
  {
    "id": "brassworksmissions:compact_item",
    "weight": 4,
    "titles": [
      "Plate Presser",
      "Under Pressure",
      "Sheet Metal Specialist",
      "Block Bonanza",
      "Compressed Creations",
      "Heavy Duty",
      "Metal Mastery",
      "The Compactor",
      "Stack & Smash",
      "Massive Materials"
    ],
    "requirement": {
      "requirementType": "item",
      "item": [
        "minecraft:iron_block",
        "create:bar_of_chocolate",
        "create:blaze_cake_base",
        "minecraft:ice",
        "minecraft:gold_block",
        "minecraft:dried_kelp_block",
        "create:brass_block",
        "create:andesite_alloy_block"
      ],
      "minAmount": 32,
      "maxAmount": 64
    },
    "reward": {
      "minAmount": 4,
      "maxAmount": 8
    }
  },

  {
    "id": "brassworksmissions:press_item",
    "weight": 4,
    "titles": [
      "Sheet Metal Stamper",
      "Plate Producer",
      "Pressing Matters",
      "Metalwork Mastery",
      "The Great Press",
      "Stamp & Stack",
      "Industrial Imprint",
      "Precision Press",
      "Pressing Power",
      "Metal Molder",
      "Forge & Flatten",
      "Plate Perfection",
      "The Pressing Task"
    ],
    "requirement": {
      "requirementType": "item",
      "item": [
        "create:iron_sheet",
        "create:brass_sheet",
        "minecraft:dirt_path",
        "create:copper_sheet",
        "create:cardboard",
        "minecraft:paper",
        "create:golden_sheet"
      ],
      "minAmount": 64,
      "maxAmount": 128
    },
    "reward": {
      "minAmount": 5,
      "maxAmount": 10
    }
  },
  {
    "id": "brassworksmissions:saw",
    "weight": 4,
    "titles": [
      "Industrial Lumberjack",
      "Automated Deforestation",
      "Sawmill Operator",
      "Woodcutter's Task",
      "Timber Titan",
      "Lumber Legacy",
      "The Chop Shop",
      "Forest Forager",
      "Tree Tamer",
      "Log Master"
    ],
    "requirement": {
      "requirementType": "block",
      "item": [
        "minecraft:oak_log",
        "minecraft:spruce_log",
        "minecraft:birch_log",
        "minecraft:jungle_log",
        "minecraft:acacia_log",
        "minecraft:dark_oak_log",
        "minecraft:mangrove_log",
        "minecraft:crimson_stem",
        "minecraft:warped_stem"
      ],
      "minAmount": 64,
      "maxAmount": 392
    },
    "reward": {
      "minAmount": 6,
      "maxAmount": 12
    }
  },
  {
    "id": "brassworksmissions:crush_item",
    "weight": 4,
    "titles": [
      "Ore Processor",
      "Crushing it!",
      "Wheel of Fortune",
      "Pulverizer Pro",
      "Mechanical Crusher",
      "Smash & Sort",
      "Grinding Glory",
      "The Crusher's Task",
      "Rock Breaker",
      "Fragment Factory"
    ],
    "requirement": {
      "requirementType": "item",
      "item": [
        "create:crushed_raw_iron",
        "create:crushed_raw_copper",
        "create:crushed_raw_gold",
        "create:crushed_raw_zinc",
        "create:cinder_flour",
        "create:experience_nugget",
        "minecraft:amethyst_shard",
        "minecraft:coal",
        "minecraft:quartz",
        "minecraft:redstone",
        "minecraft:lapis_lazuli",
        "minecraft:blaze_powder",
        "minecraft:diamond",
        "minecraft:nether_wart"
      ],
      "minAmount": 96,
      "maxAmount": 256
    },
    "reward": {
      "minAmount": 8,
      "maxAmount": 16
    }
  },
  {
    "id": "brassworksmissions:mill_item",
    "weight": 4,
    "titles": [
      "Master Miller",
      "Flour Power",
      "Grain Grinder",
      "Grind & Go",
      "Milling Mastery",
      "The Grainworks",
      "Powder Perfection",
      "Mechanical Mill",
      "Seed to Flour",
      "The Grinder's Task"
    ],
    "requirement": {
      "requirementType": "item",
      "item": [
        "minecraft:black_dye",
        "minecraft:bone_meal",
        "minecraft:green_dye",
        "minecraft:white_dye",
        "minecraft:cobblestone",
        "minecraft:gravel",
        "create:wheat_flour",
        "minecraft:flint",
        "minecraft:sand",
        "minecraft:red_sand",
        "minecraft:flint"
      ],
      "minAmount": 64,
      "maxAmount": 128
    },
    "reward": {
          "minAmount": 3,
          "maxAmount": 6
        }
      },
  {
    "id": "brassworksmissions:cut_item",
    "weight": 4,
    "titles": [
      "Precision Cutter",
      "Stone Shaper",
      "Architect’s Edge",
      "The Fine Cut",
      "Chisel & Saw",
      "Sharp Solutions",
      "Block Refiner",
      "Slice & Shape",
      "Granite Grinder",
      "The Stonecutter’s Task"
    ],
    "requirement": {
      "requirementType": "item",
      "item": [
        "create:copper_scaffolding",
        "create:copper_table_cloth",
        "create:andesite_table_cloth",
        "create:andesite_scaffolding",
        "create:copycat_panel",
        "create:copycat_step",
        "create:rose_quartz_block",
        "create:small_rose_quartz_tiles",
        "create:brass_scaffolding",
        "create:brass_table_cloth",
        "minecraft:copper_grate",
        "create:industrial_iron_block",
        "create:weathered_iron_block"
      ],
      "minAmount": 64,
      "maxAmount": 512
    },
    "reward": {
      "minAmount": 5,
      "maxAmount": 10
    }
  },
  {
    "id": "brassworksmissions:mechanical_craft",
    "weight": 4,
    "titles": [
      "Assembly Line",
      "Automated Crafter",
      "Mass Production",
      "Factory Floor",
      "Production Run",
      "Mechanical Manufacturer",
      "Craft-o-Matic",
      "Industrial Output",
      "The Fabricator",
      "Machine Made"
    ],
    "requirement": {
      "requirementType": "item",
      "item": [
        "create:wand_of_symmetry",
        "create:extendo_grip",
        "create:crushing_wheel",
        "create:potato_cannon"
      ],
      "minAmount": 1,
      "maxAmount": 2
    },
    "reward": {
      "minAmount": 10,
      "maxAmount": 20
    }
  },
  {
    "id": "brassworksmissions:drill_block",
    "weight": 4,
    "titles": [
      "Mining Operation",
      "Tunnel Bore",
      "Quarry Master",
      "Rock Breaker",
      "The Excavator",
      "Subterranean Specialist",
      "Ore Extractor",
      "Digging Duty",
      "Core Miner",
      "Mechanical Tunnel"
    ],
    "requirement": {
      "requirementType": "block",
      "item": [
        "minecraft:coal_ore",
        "minecraft:iron_ore",
        "minecraft:deepslate_iron_ore",
        "minecraft:copper_ore",
        "minecraft:deepslate_gold_ore",
        "minecraft:emerald_ore",
        "minecraft:deepslate_redstone_ore",
        "minecraft:nether_gold_ore",
        "minecraft:deepslate_diamond_ore",
        "minecraft:nether_quartz_ore",
        "create:zinc_ore",
        "create:deepslate_zinc_ore",
        "minecraft:deepslate_lapis_ore"
      ],
      "minAmount": 512,
      "maxAmount": 1024
    },
    "reward": {
      "minAmount": 15,
      "maxAmount": 30
    }
  },
  {
    "id": "brassworksmissions:move_on_belt",
    "weight": 4,
    "titles": [
      "Conveyor Commuter",
      "Moving Walkway",
      "Factory Floor",
      "Belt Rider",
      "Assembly Line Traveler",
      "Mechanical Pathway",
      "Industrial Express",
      "Gearworks Glide",
      "Automated Avenue",
      "The Beltway"
    ],
    "requirement": {
      "requirementType": "distance",
      "item": "create:belt_connector",
      "minAmount": 2000,
      "maxAmount": 7000
    },
    "reward": {
      "minAmount": 3,
      "maxAmount": 7
    }
  },
  {
    "id": "brassworksmissions:walk",
    "weight": 4,
    "titles": [
      "Long Walk",
      "Explorer",
      "On Foot",
      "The Wanderer",
      "Step by Step",
      "Trailblazer",
      "The Journey",
      "Pathfinder",
      "Hiker’s Quest",
      "Marching On"
    ],
    "requirement": {
      "requirementType": "distance",
      "item": "minecraft:leather_boots",
      "minAmount": 1000,
      "maxAmount": 20000
    },
    "reward": {
      "minAmount": 5,
      "maxAmount": 10
    }
  },
  {
    "id": "brassworksmissions:drive_boat",
    "weight": 4,
    "titles": [
      "Sailor",
      "Ocean Explorer",
      "By Sea",
      "Captain’s Voyage",
      "The Mariner",
      "High Seas Adventurer",
      "Wave Rider",
      "Seafarer’s Quest",
      "Nautical Navigator",
      "The Helm’s Call"
    ],
    "requirement": {
      "requirementType": "distance",
      "item": "minecraft:oak_boat",
      "minAmount": 1000,
      "maxAmount": 9000
    },
    "reward": {
      "minAmount": 5,
      "maxAmount": 10
    }
  },
  {
    "id": "brassworksmissions:fly_elytra",
    "weight": 4,
    "titles": [
      "Aviator",
      "Sky High",
      "By Air",
      "Wings of Freedom",
      "Glide Master",
      "Heavenly Heights",
      "Soaring Spirit",
      "Cloud Chaser",
      "Flight Path",
      "Above and Beyond"
    ],
    "requirement": {
      "requirementType": "distance",
      "item": "minecraft:elytra",
      "minAmount": 10000,
      "maxAmount": 30000
    },
    "reward": {
      "minAmount": 5,
      "maxAmount": 10
    }
  },
  {
    "id": "brassworksmissions:ride_mob",
    "weight": 4,
    "titles": [
      "Rider",
      "Beast Master",
      "On Horseback",
      "Saddle Up",
      "Tamed Traveler",
      "The Jockey",
      "Beast of Burden",
      "Galloping Glory",
      "Mounted Mission",
      "Creature Cavalier"
    ],
    "requirement": {
      "requirementType": "distance",
      "item": "minecraft:saddle",
      "minAmount": 1000,
      "maxAmount": 12000
    },
    "reward": {
      "minAmount": 5,
      "maxAmount": 10
    }
  },
  {
    "id": "brassworksmissions:eat_cake_slice",
    "weight": 4,
    "titles": [
      "Sweet Tooth",
      "Have Your Cake",
      "Piece of Cake",
      "Slice by Slice",
      "Sugar Rush",
      "Frosting Fanatic",
      "Birthday Bite",
      "The Cake Connoisseur",
      "Layer Slayer",
      "Dessert First"
    ],
    "requirement": {
      "requirementType": "count",
      "item": "minecraft:cake",
      "minAmount": 7,
      "maxAmount": 24
    },
    "reward": {
      "minAmount": 6,
      "maxAmount": 12
    }
  },
  {
    "id": "brassworksmissions:travel_by_chain_conveyor",
    "weight": 4,
    "titles": [
      "Chain Rider",
      "Hook, Line, and Sinker",
      "Industrial Lift",
      "Skyline Traveler",
      "The Iron Line",
      "Overhead Express",
      "Hanging Highway",
      "Suspended Journey",
      "Mechanical Monorail",
      "Gondola Run"
    ],
    "requirement": {
      "requirementType": "item",
      "item": "create:wrench",
      "minAmount": 5000,
      "maxAmount": 20000
    },
    "reward": {
      "minAmount": 4,
      "maxAmount": 8
    }
  },
  {
    "id": "brassworksmissions:harvest",
    "weight": 4,
    "titles": [
      "Harvest Run",
      "Crop Cycle",
      "Field Reaper",
      "Bountiful Harvest",
      "Farmer’s Fortune",
      "Golden Fields",
      "Agricultural Ace",
      "Gatherer’s Glory",
      "The Reaping",
      "Field to Table"
    ],
    "requirement": {
      "requirementType": "block",
      "item": [
        "minecraft:beetroot",
        "minecraft:potato",
        "minecraft:carrot",
        "minecraft:torchflower_seeds",
        "minecraft:pitcher_pod",
        "minecraft:beetroot_seeds",
        "minecraft:wheat_seeds",
        "minecraft:cocoa_beans",
        "minecraft:nether_wart",
        "minecraft:sugar_cane",
        "minecraft:kelp"
      ],
      "minAmount": 32,
      "maxAmount": 228
    },
    "reward": {
      "minAmount": 8,
      "maxAmount": 13
    }
  }
]